name,year,value
Chicken,1961,6577869000
Sheep and Goat,1961,433822495
Pig,1961,376366821
Sheep and Goat,1961,330902794
Rabbit,1961,271336000
Duck,1961,226713000
Beef and Buffalo,1961,180700430
Turkey,1961,141620000
Sheep and Goat,1961,102919701
Other Rodents,1961,79118000
Goose,1961,44488000
Pigeon,1961,23890000
Beef and Buffalo,1961,7744138
Horse,1961,3070964
Other Camelids,1961,753678
Camel,1961,648845
Donkey,1961,245200
Mule,1961,70000
Game,1961,
Frog and Marine Mammals,1961,
Chicken,1962,6853536000
Sheep and Goat,1962,446155169
Pig,1962,400614529
Sheep and Goat,1962,341528424
Rabbit,1962,270866000
Duck,1962,235197000
Beef and Buffalo,1962,192295024
Turkey,1962,128645000
Sheep and Goat,1962,104626745
Other Rodents,1962,79763000
Goose,1962,46795000
Pigeon,1962,24190000
Beef and Buffalo,1962,7989005
Horse,1962,3011027
Other Camelids,1962,841360
Camel,1962,667424
Donkey,1962,277300
Mule,1962,83800
Game,1962,
Frog and Marine Mammals,1962,
Chicken,1963,7219918000
Sheep and Goat,1963,449587478
Pig,1963,438317204
Sheep and Goat,1963,344346633
Rabbit,1963,274420000
Duck,1963,250608000
Beef and Buffalo,1963,202010951
Turkey,1963,133740000
Sheep and Goat,1963,105240845
Other Rodents,1963,80417000
Goose,1963,46957000
Pigeon,1963,23995000
Beef and Buffalo,1963,8126567
Horse,1963,3004979
Camel,1963,689554
Other Camelids,1963,688359
Donkey,1963,272900
Mule,1963,88500
Game,1963,
Frog and Marine Mammals,1963,
Chicken,1964,7495146000
Pig,1964,453715727
Sheep and Goat,1964,452576461
Sheep and Goat,1964,345889336
Rabbit,1964,276557000
Duck,1964,258949000
Beef and Buffalo,1964,200192259
Turkey,1964,141732000
Sheep and Goat,1964,106687125
Other Rodents,1964,80615000
Goose,1964,49962000
Pigeon,1964,24325000
Beef and Buffalo,1964,8408709
Horse,1964,3171073
Other Camelids,1964,789810
Camel,1964,708068
Donkey,1964,290100
Mule,1964,95200
Game,1964,
Frog and Marine Mammals,1964,
Chicken,1965,8120139000
Pig,1965,491740573
Sheep and Goat,1965,450974385
Sheep and Goat,1965,341996356
Rabbit,1965,280891000
Duck,1965,272838000
Beef and Buffalo,1965,200184152
Turkey,1965,151287000
Sheep and Goat,1965,108978029
Other Rodents,1965,80998000
Goose,1965,54319000
Pigeon,1965,24130000
Beef and Buffalo,1965,8566276
Horse,1965,3042180
Camel,1965,748660
Other Camelids,1965,482830
Donkey,1965,326100
Mule,1965,95700
Game,1965,
Frog and Marine Mammals,1965,
Chicken,1966,8277472000
Pig,1966,507144931
Sheep and Goat,1966,464640347
Sheep and Goat,1966,353156025
Rabbit,1966,289911000
Duck,1966,283829000
Beef and Buffalo,1966,205419077
Turkey,1966,168748000
Sheep and Goat,1966,111484322
Other Rodents,1966,80184000
Goose,1966,56055000
Pigeon,1966,23655000
Beef and Buffalo,1966,8683014
Horse,1966,2970305
Camel,1966,798943
Other Camelids,1966,480280
Donkey,1966,344500
Mule,1966,80400
Game,1966,
Frog and Marine Mammals,1966,
Chicken,1967,9159074000
Pig,1967,525627737
Sheep and Goat,1967,467187839
Sheep and Goat,1967,354383563
Rabbit,1967,298260000
Duck,1967,293365000
Beef and Buffalo,1967,213560186
Turkey,1967,182955000
Sheep and Goat,1967,112804276
Other Rodents,1967,79740000
Goose,1967,60017000
Pigeon,1967,21155000
Beef and Buffalo,1967,8897804
Horse,1967,2929556
Camel,1967,801909
Other Camelids,1967,468180
Donkey,1967,351900
Mule,1967,85100
Game,1967,
Frog and Marine Mammals,1967,
Chicken,1968,9474670000
Pig,1968,528933603
Sheep and Goat,1968,476668478
Sheep and Goat,1968,361962955
Rabbit,1968,311902000
Duck,1968,304553000
Beef and Buffalo,1968,220304388
Turkey,1968,169116000
Sheep and Goat,1968,114705523
Other Rodents,1968,79544000
Goose,1968,64517000
Pigeon,1968,21010000
Beef and Buffalo,1968,9239157
Horse,1968,3049182
Camel,1968,849681
Other Camelids,1968,484330
Donkey,1968,361700
Mule,1968,83700
Game,1968,
Frog and Marine Mammals,1968,
Chicken,1969,10158324000
Pig,1969,518408918
Sheep and Goat,1969,476469910
Sheep and Goat,1969,359180542
Rabbit,1969,324310000
Duck,1969,315310000
Beef and Buffalo,1969,221105998
Turkey,1969,172886000
Sheep and Goat,1969,117289368
Other Rodents,1969,79786000
Goose,1969,63131000
Pigeon,1969,20690000
Beef and Buffalo,1969,9410766
Horse,1969,3074561
Camel,1969,830793
Other Camelids,1969,507610
Donkey,1969,359600
Mule,1969,81700
Game,1969,
Frog and Marine Mammals,1969,
Chicken,1970,11034188000
Pig,1970,537222595
Sheep and Goat,1970,486355703
Sheep and Goat,1970,367518246
Duck,1970,336631000
Rabbit,1970,333175000
Beef and Buffalo,1970,220137951
Turkey,1970,193835000
Sheep and Goat,1970,118837457
Other Rodents,1970,79817000
Goose,1970,67737000
Pigeon,1970,20270000
Beef and Buffalo,1970,9626620
Horse,1970,3066567
Camel,1970,846539
Other Camelids,1970,541160
Donkey,1970,369100
Mule,1970,86700
Game,1970,
Frog and Marine Mammals,1970,
Chicken,1971,11390271000
Pig,1971,595074277
Sheep and Goat,1971,494288866
Sheep and Goat,1971,372157891
Rabbit,1971,362969000
Duck,1971,350875000
Beef and Buffalo,1971,214284166
Turkey,1971,209791000
Sheep and Goat,1971,122130975
Other Rodents,1971,80128000
Goose,1971,74618000
Pigeon,1971,22795000
Beef and Buffalo,1971,9912534
Horse,1971,3032460
Camel,1971,853649
Other Camelids,1971,502029
Donkey,1971,403000
Mule,1971,101100
Game,1971,
Frog and Marine Mammals,1971,
Chicken,1972,12169120000
Pig,1972,617789219
Sheep and Goat,1972,497476074
Rabbit,1972,384273000
Sheep and Goat,1972,372193401
Duck,1972,358449000
Turkey,1972,228044000
Beef and Buffalo,1972,214056236
Sheep and Goat,1972,125282673
Other Rodents,1972,79467000
Goose,1972,69637000
Pigeon,1972,19950000
Beef and Buffalo,1972,10089752
Horse,1972,3050209
Camel,1972,888092
Other Camelids,1972,478398
Donkey,1972,406000
Mule,1972,114400
Game,1972,
Frog and Marine Mammals,1972,
Chicken,1973,12704649000
Pig,1973,614783238
Sheep and Goat,1973,489800052
Rabbit,1973,400651000
Duck,1973,373609000
Sheep and Goat,1973,361511701
Turkey,1973,250845000
Beef and Buffalo,1973,214322428
Sheep and Goat,1973,128288351
Other Rodents,1973,80031000
Goose,1973,71101000
Pigeon,1973,17710000
Beef and Buffalo,1973,10436843
Horse,1973,3091764
Camel,1973,900154
Other Camelids,1973,471336
Donkey,1973,380700
Mule,1973,111500
Game,1973,
Frog and Marine Mammals,1973,
Chicken,1974,13190174000
Pig,1974,630845691
Sheep and Goat,1974,478581655
Rabbit,1974,427283000
Duck,1974,386389000
Sheep and Goat,1974,347737446
Turkey,1974,263884000
Beef and Buffalo,1974,227655042
Sheep and Goat,1974,130844209
Other Rodents,1974,81657000
Goose,1974,70990000
Pigeon,1974,15830000
Beef and Buffalo,1974,10725229
Horse,1974,2818583
Camel,1974,963079
Other Camelids,1974,483468
Donkey,1974,380700
Mule,1974,114000
Game,1974,
Frog and Marine Mammals,1974,
Chicken,1975,13382800000
Pig,1975,627303069
Sheep and Goat,1975,499371434
Rabbit,1975,444813000
Duck,1975,381434000
Sheep and Goat,1975,363376997
Turkey,1975,251358000
Beef and Buffalo,1975,243717820
Sheep and Goat,1975,135994437
Other Rodents,1975,81726000
Goose,1975,74563000
Pigeon,1975,15420000
Beef and Buffalo,1975,10816252
Horse,1975,2940337
Camel,1975,919709
Other Camelids,1975,470423
Donkey,1975,376886
Mule,1975,117427
Game,1975,
Frog and Marine Mammals,1975,
Chicken,1976,14286949000
Pig,1976,621545118
Sheep and Goat,1976,495134695
Rabbit,1976,467674000
Duck,1976,396430000
Sheep and Goat,1976,357097972
Turkey,1976,276844000
Beef and Buffalo,1976,254297067
Sheep and Goat,1976,138036723
Other Rodents,1976,81786000
Goose,1976,73413000
Pigeon,1976,15090000
Beef and Buffalo,1976,11050517
Horse,1976,3174995
Camel,1976,927569
Other Camelids,1976,466867
Donkey,1976,381826
Mule,1976,123400
Game,1976,
Frog and Marine Mammals,1976,
Chicken,1977,15193656000
Pig,1977,643453717
Sheep and Goat,1977,501697373
Rabbit,1977,495767000
Duck,1977,416215000
Sheep and Goat,1977,359491642
Turkey,1977,282915000
Beef and Buffalo,1977,255057076
Sheep and Goat,1977,142205731
Other Rodents,1977,81738000
Goose,1977,75473000
Pigeon,1977,17180000
Beef and Buffalo,1977,11269026
Horse,1977,3114395
Camel,1977,920754
Other Camelids,1977,466624
Donkey,1977,369168
Mule,1977,121300
Game,1977,
Frog and Marine Mammals,1977,
Chicken,1978,16215309000
Pig,1978,664926432
Sheep and Goat,1978,515001976
Rabbit,1978,497078000
Duck,1978,441339000
Sheep and Goat,1978,366513464
Turkey,1978,293897000
Beef and Buffalo,1978,256651008
Sheep and Goat,1978,148488512
Other Rodents,1978,81795000
Goose,1978,80459000
Pigeon,1978,14400000
Beef and Buffalo,1978,11448237
Horse,1978,3202272
Camel,1978,897786
Other Camelids,1978,468161
Donkey,1978,373655
Mule,1978,132200
Game,1978,
Frog and Marine Mammals,1978,
Chicken,1979,17452391000
Pig,1979,721459781
Sheep and Goat,1979,514739926
Rabbit,1979,503963000
Duck,1979,479383000
Sheep and Goat,1979,362326932
Turkey,1979,325608000
Beef and Buffalo,1979,248774573
Sheep and Goat,1979,152412994
Goose,1979,82214000
Other Rodents,1979,81840000
Pigeon,1979,13675000
Beef and Buffalo,1979,11758463
Horse,1979,3108438
Camel,1979,903347
Other Camelids,1979,463721
Donkey,1979,367010
Mule,1979,138683
Game,1979,
Frog and Marine Mammals,1979,
Chicken,1980,18392525000
Pig,1980,756014033
Sheep and Goat,1980,540803240
Rabbit,1980,496627000
Duck,1980,479245000
Sheep and Goat,1980,384396206
Turkey,1980,349032000
Beef and Buffalo,1980,246927394
Sheep and Goat,1980,156407034
Goose,1980,83536000
Other Rodents,1980,81803000
Pigeon,1980,14760000
Beef and Buffalo,1980,11971723
Horse,1980,2865611
Camel,1980,960432
Other Camelids,1980,440770
Donkey,1980,364733
Mule,1980,150600
Game,1980,
Frog and Marine Mammals,1980,
Chicken,1981,19353538000
Pig,1981,748905037
Sheep and Goat,1981,563788793
Duck,1981,502921000
Rabbit,1981,493321000
Sheep and Goat,1981,402067515
Turkey,1981,355747000
Beef and Buffalo,1981,249424593
Sheep and Goat,1981,161721278
Goose,1981,86164000
Other Rodents,1981,81850000
Pigeon,1981,20140000
Beef and Buffalo,1981,12320424
Horse,1981,2840700
Camel,1981,927205
Other Camelids,1981,445991
Donkey,1981,381709
Mule,1981,159400
Game,1981,
Frog and Marine Mammals,1981,
Chicken,1982,20022384000
Pig,1982,744368269
Sheep and Goat,1982,567594373
Duck,1982,523895000
Rabbit,1982,498315000
Sheep and Goat,1982,403916209
Turkey,1982,359124000
Beef and Buffalo,1982,251614525
Sheep and Goat,1982,163678164
Goose,1982,90307000
Other Rodents,1982,81898000
Pigeon,1982,27670000
Beef and Buffalo,1982,13106993
Horse,1982,2659156
Camel,1982,990970
Other Camelids,1982,444863
Donkey,1982,404238
Mule,1982,165300
Game,1982,
Frog and Marine Mammals,1982,
Chicken,1983,20481154000
Pig,1983,770247913
Sheep and Goat,1983,584677541
Duck,1983,545569000
Rabbit,1983,510206000
Sheep and Goat,1983,414686533
Turkey,1983,376678000
Beef and Buffalo,1983,253863101
Sheep and Goat,1983,169991008
Goose,1983,93742000
Other Rodents,1983,81925000
Pigeon,1983,36990000
Beef and Buffalo,1983,13293766
Horse,1983,2617700
Camel,1983,988922
Other Camelids,1983,552562
Donkey,1983,414280
Mule,1983,174928
Game,1983,
Frog and Marine Mammals,1983,
Chicken,1984,20861570000
Pig,1984,790755032
Sheep and Goat,1984,589252265
Duck,1984,560407000
Rabbit,1984,518665000
Sheep and Goat,1984,414835674
Turkey,1984,372008000
Beef and Buffalo,1984,260031899
Sheep and Goat,1984,174416591
Goose,1984,95548000
Other Rodents,1984,81965000
Pigeon,1984,42160000
Beef and Buffalo,1984,13711963
Horse,1984,2722388
Camel,1984,1048244
Other Camelids,1984,434011
Donkey,1984,401132
Mule,1984,181669
Game,1984,
Frog and Marine Mammals,1984,
Chicken,1985,21774959000
Pig,1985,815034118
Sheep and Goat,1985,603475588
Duck,1985,583083000
Rabbit,1985,524350000
Sheep and Goat,1985,423484700
Turkey,1985,391563000
Beef and Buffalo,1985,261093073
Sheep and Goat,1985,179990888
Goose,1985,95260000
Other Rodents,1985,81965000
Pigeon,1985,42610000
Beef and Buffalo,1985,14285916
Horse,1985,2750526
Camel,1985,1063270
Other Camelids,1985,415103
Donkey,1985,397910
Mule,1985,196033
Game,1985,
Frog and Marine Mammals,1985,
Chicken,1986,22869302000
Pig,1986,836061010
Duck,1986,629610000
Sheep and Goat,1986,606217819
Rabbit,1986,536578000
Turkey,1986,427338000
Sheep and Goat,1986,420771042
Beef and Buffalo,1986,268335635
Sheep and Goat,1986,185446777
Goose,1986,106267000
Other Rodents,1986,82345000
Pigeon,1986,43460000
Beef and Buffalo,1986,14771297
Horse,1986,2650492
Camel,1986,1023965
Donkey,1986,423000
Other Camelids,1986,407314
Mule,1986,210200
Game,1986,
Frog and Marine Mammals,1986,
Chicken,1987,24545918000
Pig,1987,855731670
Duck,1987,687256000
Sheep and Goat,1987,632668994
Rabbit,1987,565185000
Turkey,1987,478815000
Sheep and Goat,1987,431256493
Beef and Buffalo,1987,265482647
Sheep and Goat,1987,201412501
Goose,1987,118422000
Other Rodents,1987,82645000
Pigeon,1987,43810000
Beef and Buffalo,1987,14841151
Horse,1987,2740882
Camel,1987,1007031
Donkey,1987,428678
Other Camelids,1987,407961
Mule,1987,234924
Game,1987,
Frog and Marine Mammals,1987,
Chicken,1988,25491080000
Pig,1988,884321746
Duck,1988,730986000
Sheep and Goat,1988,648163122
Rabbit,1988,577021000
Turkey,1988,485448000
Sheep and Goat,1988,440849982
Beef and Buffalo,1988,265711761
Sheep and Goat,1988,207313140
Goose,1988,151673000
Other Rodents,1988,83145000
Pigeon,1988,44727000
Beef and Buffalo,1988,16025272
Horse,1988,2755635
Camel,1988,1065845
Donkey,1988,458990
Other Camelids,1988,422350
Mule,1988,244690
Game,1988,
Frog and Marine Mammals,1988,
Chicken,1989,25863051000
Pig,1989,901139877
Duck,1989,749728000
Sheep and Goat,1989,675031885
Rabbit,1989,539531000
Turkey,1989,513814000
Sheep and Goat,1989,456257199
Beef and Buffalo,1989,265845578
Sheep and Goat,1989,218774686
Goose,1989,158217000
Other Rodents,1989,83720000
Pigeon,1989,45793000
Beef and Buffalo,1989,15878165
Horse,1989,2809530
Camel,1989,1150276
Donkey,1989,474432
Other Camelids,1989,433100
Mule,1989,256424
Game,1989,
Frog and Marine Mammals,1989,
Chicken,1990,27184885000
Pig,1990,917442681
Duck,1990,812040000
Sheep and Goat,1990,692667671
Turkey,1990,561581000
Rabbit,1990,538531000
Sheep and Goat,1990,464384740
Beef and Buffalo,1990,270581774
Sheep and Goat,1990,228282931
Goose,1990,179602000
Other Rodents,1990,84120000
Pigeon,1990,48778000
Beef and Buffalo,1990,16265647
Horse,1990,2867423
Camel,1990,1233767
Other Camelids,1990,473225
Donkey,1990,472242
Mule,1990,265367
Game,1990,
Frog and Marine Mammals,1990,
Chicken,1991,28202998000
Pig,1991,925602267
Duck,1991,924383000
Sheep and Goat,1991,701235345
Turkey,1991,569281000
Sheep and Goat,1991,468371117
Rabbit,1991,458688000
Beef and Buffalo,1991,272413733
Sheep and Goat,1991,232864228
Goose,1991,216231000
Other Rodents,1991,84520000
Pigeon,1991,51121000
Beef and Buffalo,1991,16598082
Horse,1991,3007396
Camel,1991,1311142
Game,1991,757108
Donkey,1991,492947
Other Camelids,1991,417120
Mule,1991,270150
Frog and Marine Mammals,1991,99317
Chicken,1992,29335752000
Duck,1992,1024252000
Pig,1992,946222814
Sheep and Goat,1992,706690086
Turkey,1992,584495000
Rabbit,1992,483259000
Sheep and Goat,1992,465294726
Beef and Buffalo,1992,270782619
Sheep and Goat,1992,241395360
Goose,1992,227173000
Other Rodents,1992,84720000
Pigeon,1992,54122000
Beef and Buffalo,1992,17032094
Horse,1992,4025633
Donkey,1992,2157864
Camel,1992,1384796
Game,1992,836588
Other Camelids,1992,461000
Mule,1992,284593
Frog and Marine Mammals,1992,99002
Chicken,1993,30831975000
Duck,1993,1190739000
Pig,1993,966111850
Sheep and Goat,1993,709348228
Turkey,1993,583517000
Rabbit,1993,504753000
Sheep and Goat,1993,463875615
Beef and Buffalo,1993,271986387
Goose,1993,254672000
Sheep and Goat,1993,245472613
Other Rodents,1993,84720000
Pigeon,1993,58855000
Beef and Buffalo,1993,17769774
Horse,1993,3752501
Donkey,1993,2137063
Camel,1993,1310459
Game,1993,770795
Other Camelids,1993,431000
Mule,1993,294500
Frog and Marine Mammals,1993,101413
Chicken,1994,32078838000
Duck,1994,1294263000
Pig,1994,992176051
Sheep and Goat,1994,722822608
Turkey,1994,599848000
Rabbit,1994,526027000
Sheep and Goat,1994,469822344
Beef and Buffalo,1994,275757670
Goose,1994,271534000
Sheep and Goat,1994,253000264
Other Rodents,1994,84720000
Pigeon,1994,57335000
Beef and Buffalo,1994,18408102
Horse,1994,4168208
Donkey,1994,2123371
Camel,1994,1392050
Game,1994,796310
Other Camelids,1994,460360
Mule,1994,459700
Frog and Marine Mammals,1994,102116
Chicken,1995,34087381000
Duck,1995,1449338000
Pig,1995,1001073647
Sheep and Goat,1995,748093747
Turkey,1995,628698000
Rabbit,1995,546096000
Sheep and Goat,1995,477280373
Goose,1995,375293000
Beef and Buffalo,1995,278038565
Sheep and Goat,1995,270813374
Other Rodents,1995,84720000
Pigeon,1995,58788000
Beef and Buffalo,1995,19185260
Horse,1995,4330433
Donkey,1995,2130103
Camel,1995,1438449
Game,1995,725423
Mule,1995,515500
Other Camelids,1995,427941
Frog and Marine Mammals,1995,110786
Chicken,1996,34994325000
Duck,1996,1508791000
Pig,1996,999774984
Sheep and Goat,1996,726552800
Turkey,1996,642074000
Rabbit,1996,593086000
Sheep and Goat,1996,462163590
Goose,1996,384106000
Beef and Buffalo,1996,278460186
Sheep and Goat,1996,264389210
Other Rodents,1996,84720000
Pigeon,1996,61025000
Beef and Buffalo,1996,17953694
Horse,1996,4768955
Donkey,1996,2281887
Camel,1996,1552706
Game,1996,660725
Mule,1996,619500
Other Camelids,1996,415876
Frog and Marine Mammals,1996,112605
Chicken,1997,36368946000
Duck,1997,1623025000
Pig,1997,997933665
Sheep and Goat,1997,748185512
Turkey,1997,647234000
Rabbit,1997,564024000
Sheep and Goat,1997,466621024
Goose,1997,418451000
Beef and Buffalo,1997,286887259
Sheep and Goat,1997,281564488
Other Rodents,1997,84720000
Pigeon,1997,62360000
Beef and Buffalo,1997,19318866
Horse,1997,4709662
Donkey,1997,2031672
Camel,1997,1579357
Game,1997,760728
Mule,1997,589500
Other Camelids,1997,437454
Frog and Marine Mammals,1997,114628
Chicken,1998,37102236000
Duck,1998,1746135000
Pig,1998,1055147800
Sheep and Goat,1998,773429704
Turkey,1998,637633000
Rabbit,1998,585996000
Sheep and Goat,1998,475211139
Goose,1998,455486000
Sheep and Goat,1998,298218565
Beef and Buffalo,1998,288506603
Other Rodents,1998,72600000
Pigeon,1998,61494000
Beef and Buffalo,1998,19652520
Horse,1998,4631221
Donkey,1998,2031924
Camel,1998,1646654
Game,1998,797963
Mule,1998,739000
Other Camelids,1998,455353
Frog and Marine Mammals,1998,114057
Chicken,1999,38954106000
Duck,1999,2051294000
Pig,1999,1088254196
Sheep and Goat,1999,794081333
Turkey,1999,624862000
Rabbit,1999,577376000
Sheep and Goat,1999,478481796
Goose,1999,471547000
Sheep and Goat,1999,315599537
Beef and Buffalo,1999,290748521
Pigeon,1999,63033000
Other Rodents,1999,60900000
Beef and Buffalo,1999,20308853
Horse,1999,4766677
Donkey,1999,2106923
Camel,1999,1603060
Game,1999,823441
Mule,1999,595700
Other Camelids,1999,479221
Frog and Marine Mammals,1999,113256
Chicken,2000,40554848000
Duck,2000,1968545000
Pig,2000,1100384024
Sheep and Goat,2000,813663783
Turkey,2000,652562000
Rabbit,2000,638032000
Sheep and Goat,2000,493890385
Goose,2000,478939000
Sheep and Goat,2000,319773398
Beef and Buffalo,2000,292422908
Pigeon,2000,64043000
Other Rodents,2000,62770000
Beef and Buffalo,2000,20484013
Horse,2000,4829421
Donkey,2000,2170178
Camel,2000,1682608
Game,2000,838364
Mule,2000,656700
Other Camelids,2000,494737
Frog and Marine Mammals,2000,116578
Chicken,2001,42005596000
Duck,2001,2031932000
Pig,2001,1101657969
Sheep and Goat,2001,813248261
Rabbit,2001,699118000
Turkey,2001,652252000
Sheep and Goat,2001,491555550
Goose,2001,477465000
Sheep and Goat,2001,321692711
Beef and Buffalo,2001,287468311
Pigeon,2001,63163000
Other Rodents,2001,63000000
Beef and Buffalo,2001,20372364
Horse,2001,5036462
Donkey,2001,2193207
Camel,2001,1781826
Game,2001,831939
Mule,2001,675600
Other Camelids,2001,492230
Frog and Marine Mammals,2001,121952
Chicken,2002,43664254000
Duck,2002,1998405000
Pig,2002,1133500519
Sheep and Goat,2002,820715735
Rabbit,2002,714597000
Turkey,2002,655653000
Sheep and Goat,2002,494428277
Goose,2002,465898000
Sheep and Goat,2002,326287457
Beef and Buffalo,2002,293108190
Other Rodents,2002,63500000
Pigeon,2002,62174000
Beef and Buffalo,2002,20758787
Horse,2002,4859416
Donkey,2002,2281668
Camel,2002,1758611
Game,2002,818993
Mule,2002,659600
Other Camelids,2002,532691
Frog and Marine Mammals,2002,119502
Chicken,2003,44363159000
Duck,2003,2075858000
Pig,2003,1173025584
Sheep and Goat,2003,846895990
Rabbit,2003,721129000
Turkey,2003,629437000
Sheep and Goat,2003,501210086
Goose,2003,482883000
Sheep and Goat,2003,345685904
Beef and Buffalo,2003,296977955
Other Rodents,2003,64900000
Pigeon,2003,62718000
Beef and Buffalo,2003,20047840
Horse,2003,4871250
Donkey,2003,2337336
Camel,2003,1824383
Game,2003,781721
Mule,2003,658600
Other Camelids,2003,533000
Frog and Marine Mammals,2003,113175
Chicken,2004,45278330000
Duck,2004,2107170000
Pig,2004,1185557429
Sheep and Goat,2004,871049903
Rabbit,2004,714049000
Turkey,2004,624012000
Sheep and Goat,2004,500895092
Goose,2004,490806000
Sheep and Goat,2004,370154811
Beef and Buffalo,2004,301901191
Other Rodents,2004,65500000
Pigeon,2004,64085000
Beef and Buffalo,2004,20680262
Horse,2004,4865373
Donkey,2004,2408262
Camel,2004,1912804
Game,2004,848454
Mule,2004,637500
Other Camelids,2004,540000
Frog and Marine Mammals,2004,105577
Chicken,2005,47461643000
Duck,2005,2290327000
Pig,2005,1200487078
Sheep and Goat,2005,896527108
Rabbit,2005,753648000
Turkey,2005,615986000
Goose,2005,526276000
Sheep and Goat,2005,512902947
Sheep and Goat,2005,383624161
Beef and Buffalo,2005,304656455
Other Rodents,2005,67000000
Pigeon,2005,61726000
Beef and Buffalo,2005,21280719
Horse,2005,4830932
Donkey,2005,2420426
Camel,2005,1768170
Game,2005,861374
Other Camelids,2005,631983
Mule,2005,605700
Frog and Marine Mammals,2005,107455
Chicken,2006,48259122000
Duck,2006,2273089000
Pig,2006,1231479013
Sheep and Goat,2006,914549099
Rabbit,2006,778406000
Turkey,2006,606452000
Sheep and Goat,2006,529458568
Goose,2006,520864000
Sheep and Goat,2006,385090531
Beef and Buffalo,2006,310737694
Other Rodents,2006,67000000
Pigeon,2006,61857000
Beef and Buffalo,2006,22036401
Horse,2006,4791667
Donkey,2006,2493460
Camel,2006,1988722
Game,2006,677999
Other Camelids,2006,671199
Mule,2006,616100
Frog and Marine Mammals,2006,102928
Chicken,2007,51167523000
Duck,2007,2440230000
Pig,2007,1265480763
Sheep and Goat,2007,931751680
Rabbit,2007,824222000
Turkey,2007,653526000
Goose,2007,571435000
Sheep and Goat,2007,539868379
Sheep and Goat,2007,391883301
Beef and Buffalo,2007,316711854
Other Rodents,2007,67500000
Pigeon,2007,62784000
Beef and Buffalo,2007,22884747
Horse,2007,4708919
Donkey,2007,2429033
Camel,2007,2195015
Game,2007,899269
Other Camelids,2007,714573
Mule,2007,583600
Frog and Marine Mammals,2007,101153
Chicken,2008,53571315000
Duck,2008,2576155000
Pig,2008,1299545256
Sheep and Goat,2008,933961417
Rabbit,2008,794360000
Turkey,2008,670019000
Goose,2008,586229000
Sheep and Goat,2008,532947458
Sheep and Goat,2008,401013960
Beef and Buffalo,2008,317269691
Other Rodents,2008,69000000
Pigeon,2008,62281000
Beef and Buffalo,2008,23175670
Horse,2008,4679767
Donkey,2008,2427923
Camel,2008,2380238
Game,2008,811660
Other Camelids,2008,753682
Mule,2008,546600
Frog and Marine Mammals,2008,105670
Chicken,2009,55394628000
Duck,2009,2598656000
Pig,2009,1319775446
Sheep and Goat,2009,939289378
Rabbit,2009,809932000
Turkey,2009,635917000
Goose,2009,620279000
Sheep and Goat,2009,526441066
Sheep and Goat,2009,412848312
Beef and Buffalo,2009,319261290
Other Rodents,2009,69800000
Pigeon,2009,60605000
Beef and Buffalo,2009,23624670
Horse,2009,4698616
Donkey,2009,2568750
Camel,2009,2366051
Other Camelids,2009,811336
Game,2009,664267
Mule,2009,570600
Frog and Marine Mammals,2009,98768
Chicken,2010,56643368000
Duck,2010,2685590000
Pig,2010,1383539789
Sheep and Goat,2010,948690226
Rabbit,2010,847475000
Goose,2010,633898000
Turkey,2010,632414000
Sheep and Goat,2010,523242950
Sheep and Goat,2010,425447277
Beef and Buffalo,2010,320634140
Other Rodents,2010,70000000
Pigeon,2010,60112000
Beef and Buffalo,2010,24552935
Horse,2010,4597205
Donkey,2010,2587981
Camel,2010,2573351
Other Camelids,2010,792795
Game,2010,656519
Mule,2010,544600
Frog and Marine Mammals,2010,104873
Chicken,2011,58260235000
Duck,2011,2784859000
Pig,2011,1387639934
Sheep and Goat,2011,938906960
Rabbit,2011,874014000
Goose,2011,653741000
Turkey,2011,638519000
Sheep and Goat,2011,513282872
Sheep and Goat,2011,425624088
Beef and Buffalo,2011,320391186
Other Rodents,2011,70000000
Pigeon,2011,59987000
Beef and Buffalo,2011,24883347
Horse,2011,4714874
Donkey,2011,2687288
Camel,2011,2621683
Other Camelids,2011,895514
Game,2011,687328
Mule,2011,526600
Frog and Marine Mammals,2011,103070
Chicken,2012,59489556000
Duck,2012,2902224000
Pig,2012,1427935389
Sheep and Goat,2012,956254209
Rabbit,2012,877199000
Goose,2012,696104000
Turkey,2012,654258000
Sheep and Goat,2012,524791616
Sheep and Goat,2012,431462593
Beef and Buffalo,2012,324322908
Other Rodents,2012,70371000
Pigeon,2012,61532000
Beef and Buffalo,2012,25560219
Horse,2012,4786722
Donkey,2012,2673732
Camel,2012,2479200
Other Camelids,2012,927982
Game,2012,729491
Mule,2012,523600
Frog and Marine Mammals,2012,94624
Chicken,2013,60408983000
Duck,2013,2881886000
Pig,2013,1452043214
Sheep and Goat,2013,975794242
Rabbit,2013,907249000
Goose,2013,687501000
Turkey,2013,632619000
Sheep and Goat,2013,538234616
Sheep and Goat,2013,437559625
Beef and Buffalo,2013,329372393
Other Rodents,2013,70371000
Pigeon,2013,64189000
Beef and Buffalo,2013,25285695
Horse,2013,4677932
Donkey,2013,2651005
Camel,2013,2434546
Other Camelids,2013,936841
Game,2013,591838
Mule,2013,482300
Frog and Marine Mammals,2013,98496
Chicken,2014,61835703000
Duck,2014,2835494000
Pig,2014,1469748361
Sheep and Goat,2014,989292919
Rabbit,2014,928406000
Goose,2014,698462000
Turkey,2014,632507000
Sheep and Goat,2014,544615167
Sheep and Goat,2014,444677752
Beef and Buffalo,2014,328295034
Other Rodents,2014,70626000
Pigeon,2014,62506000
Beef and Buffalo,2014,25548241
Horse,2014,4747288
Camel,2014,2703551
Donkey,2014,2529606
Other Camelids,2014,915159
Game,2014,627753
Mule,2014,482600
Frog and Marine Mammals,2014,96388
Chicken,2015,64043715000
Duck,2015,2970614000
Pig,2015,1486936896
Sheep and Goat,2015,1007865825
Rabbit,2015,933686000
Goose,2015,642357000
Turkey,2015,636619000
Sheep and Goat,2015,552978089
Sheep and Goat,2015,454887736
Beef and Buffalo,2015,328010439
Other Rodents,2015,70829000
Pigeon,2015,60786000
Beef and Buffalo,2015,25646002
Horse,2015,4822237
Camel,2015,2718789
Donkey,2015,2565073
Other Camelids,2015,912167
Game,2015,642484
Mule,2015,492272
Frog and Marine Mammals,2015,92333
Chicken,2016,65787732000
Duck,2016,3022065000
Pig,2016,1480741771
Sheep and Goat,2016,1028984795
Rabbit,2016,940608000
Turkey,2016,675822000
Goose,2016,662776000
Sheep and Goat,2016,563659774
Sheep and Goat,2016,465325021
Beef and Buffalo,2016,328679836
Other Rodents,2016,70543000
Pigeon,2016,55509000
Beef and Buffalo,2016,26105673
Horse,2016,4819373
Camel,2016,2738886
Donkey,2016,2506475
Other Camelids,2016,937279
Game,2016,656031
Mule,2016,474694
Frog and Marine Mammals,2016,93292
Chicken,2017,66566725000
Duck,2017,3011798000
Pig,2017,1485986756
Sheep and Goat,2017,1032318869
Rabbit,2017,971951000
Turkey,2017,663605000
Goose,2017,657031000
Sheep and Goat,2017,567720570
Sheep and Goat,2017,464598299
Beef and Buffalo,2017,330850755
Other Rodents,2017,70808000
Pigeon,2017,54220000
Beef and Buffalo,2017,26435897
Horse,2017,4772356
Camel,2017,2842851
Donkey,2017,2192567
Other Camelids,2017,941384
Game,2017,627624
Mule,2017,439415
Frog and Marine Mammals,2017,95559